{"train/grad_norm":1.754805326461792,"train/learning_rate":6.666666666666667e-05,"train_loss":1.0510520140329997,"_runtime":32,"_step":3,"train_samples_per_second":0.097,"train_steps_per_second":0.097,"train_runtime":30.9687,"train/loss":0.8283872604370117,"_timestamp":1.774791621499124e+09,"total_flos":6.5657471238144e+13,"_wandb":{"runtime":32},"train/global_step":3,"train/epoch":3}